Sample,Elapsed Time,Delta Time,Voltage
0,0.007976770401000977,0.007976770401000977,0.00262935818
1,0.013959646224975586,0.005982875823974609,-0.00464822436
2,0.019944190979003906,0.00598454475402832,0.0095367745
3,0.02693009376525879,0.006985902786254883,-0.00641144022
4,0.03291058540344238,0.005980491638183594,-0.00295808275
5,0.038893938064575195,0.0059833526611328125,0.00545631354
6,0.04487895965576172,0.0059850215911865234,-0.00598909518
7,0.05086112022399902,0.005982160568237305,-0.000894502626
8,0.056844472885131836,0.0059833526611328125,0.00451886558
9,0.06383156776428223,0.006987094879150391,-0.00651515668
10,0.06981110572814941,0.0059795379638671875,0.00748050006
11,0.07579469680786133,0.005983591079711914,-0.00179672061
12,0.08177900314331055,0.005984306335449219,-0.0033756063
13,0.1356344223022461,0.05385541915893555,0.00162070577
14,0.1416187286376953,0.005984306335449219,0.00216428708
15,0.14760279655456543,0.005984067916870117,-0.00445185367
16,0.15358686447143555,0.005984067916870117,0.00969810559
17,0.15957283973693848,0.00598597526550293,-0.00704215308
18,0.16555476188659668,0.005981922149658203,-0.00272756399
19,0.171539306640625,0.00598454475402832,0.00635783036
20,0.1775219440460205,0.005982637405395508,-0.00587240333
21,0.23142719268798828,0.05390524864196777,-0.000462644691
22,0.2365262508392334,0.005099058151245117,0.00991494778
23,0.24350738525390625,0.0069811344146728516,-0.00713954207
24,0.24946999549865723,0.0059626102447509766,-0.00226998899
25,0.2556157112121582,0.0061457157135009766,0.00619012844
26,0.26160454750061035,0.0059888362884521484,-0.0058932989
27,0.26758480072021484,0.005980253219604492,-0.000411677995
28,0.27370357513427734,0.0061187744140625,0.00459554935
29,0.27962779998779297,0.005924224853515625,-0.00688948672
30,0.33271288871765137,0.0530850887298584,0.00458529191
31,0.3386967182159424,0.005983829498291016,0.00601333771
32,0.3446803092956543,0.005983591079711914,-0.00593063239
33,0.350663423538208,0.005983114242553711,-0.000348437077
34,0.3566911220550537,0.006027698516845703,0.00455755805
35,0.36268138885498047,0.005990266799926758,-0.00662781495
36,0.3690807819366455,0.006399393081665039,0.00268397775
37,0.3744637966156006,0.005383014678955078,0.00176564231
38,0.38046908378601074,0.006005287170410156,-0.00433671115
39,0.43434643745422363,0.05387735366821289,0.00988445258
40,0.44013428688049316,0.005787849426269531,0.00456664686
41,0.4459664821624756,0.005832195281982422,-0.00659413433
42,0.45260071754455566,0.006634235382080078,0.00242731783
43,0.45801830291748047,0.005417585372924805,0.0018286495
44,0.4640004634857178,0.005982160568237305,-0.00435971026
45,0.4699881076812744,0.005987644195556641,0.0098496467
46,0.4759693145751953,0.0059812068939208984,-0.00717504912
47,0.48192739486694336,0.005958080291748047,-0.0024360982
48,0.5353550910949707,0.053427696228027344,0.00621537806
49,0.5409448146820068,0.005589723587036133,0.00488270447
50,0.5470230579376221,0.006078243255615234,-0.00578841382
51,0.553227424621582,0.006204366683959961,0.00749188275
52,0.5590231418609619,0.005795717239379883,-0.00181695838
53,0.5650055408477783,0.005982398986816406,-0.0034006222
54,0.5709877014160156,0.005982160568237305,0.00888830809
55,0.576974630355835,0.005986928939819336,-0.00753045701
56,0.5827906131744385,0.005815982818603516,-0.00105925286
57,0.6361682415008545,0.053377628326416016,0.00526130183
58,0.6421911716461182,0.006022930145263672,-0.00102285427
59,0.6478466987609863,0.005655527114868164,-0.00354625992
60,0.6544196605682373,0.0065729618072509766,0.00962390606
61,0.6607866287231445,0.0063669681549072266,-0.00742510447
62,0.6667709350585938,0.005984306335449219,-0.00117940723
63,0.6723642349243164,0.005593299865722656,0.00516119487
64,0.6784727573394775,0.006108522415161133,-0.00594112355
65,0.6849133968353271,0.006440639495849609,-0.00112160224
66,0.7383217811584473,0.05340838432312012,0.00481988763
67,0.7433116436004639,0.0049898624420166016,-0.00643894036
68,0.750291109085083,0.006979465484619141,-0.000913848862
69,0.7562751770019531,0.005984067916870117,0.00512526373
70,0.7622604370117188,0.005985260009765625,-0.00592220139
71,0.7682459354400635,0.0059854984283447266,-0.000786899574
72,0.774226188659668,0.005980253219604492,0.0049605135
73,0.7802093029022217,0.005983114242553711,-0.00567851688
74,0.7861940860748291,0.005984783172607422,0.00767345161
75,0.7931783199310303,0.006984233856201172,-0.00203380056
76,0.8460345268249512,0.0528562068939209,-0.0059108187
77,0.8520185947418213,0.005984067916870117,0.00211013496
78,0.8639860153198242,0.01196742057800293,0.00194857015
79,0.869971513748169,0.0059854984283447266,0.00799747277
80,0.8759539127349854,0.005982398986816406,-0.00244930732
81,0.8819375038146973,0.005983591079711914,-0.00330847879
82,0.8878540992736816,0.005916595458984375,0.00819225076
83,0.941678524017334,0.053824424743652344,-0.00679800111
84,0.9476621150970459,0.005983591079711914,-0.00398289597
85,0.953646183013916,0.005984067916870117,0.0101408788
86,0.9606316089630127,0.00698542594909668,-0.00666580625
87,0.9666159152984619,0.005984306335449219,-0.00127131691
88,0.9715983867645264,0.004982471466064453,0.00566748607
89,0.9775817394256592,0.0059833526611328125,-0.00597363554
90,0.9835653305053711,0.005983591079711914,-0.000246269958
91,0.9905469417572021,0.006981611251831055,0.00450247103
92,1.043656349182129,0.05310940742492676,-0.00684896781
93,1.048642635345459,0.004986286163330078,-0.00249798013
94,1.054626226425171,0.005983591079711914,0.00625997392
95,1.0616114139556885,0.006985187530517578,-0.00589606024
96,1.0675914287567139,0.005980014801025391,-0.000484708895
97,1.0735759735107422,0.00598454475402832,0.00448584276
98,1.0795907974243164,0.006014823913574219,-0.00668332605
99,1.0855433940887451,0.005952596664428711,0.0056258419
100,1.091526746749878,0.0059833526611328125,0.0001471726
101,1.1443860530853271,0.05285930633544922,-0.00384503145
102,1.1503703594207764,0.005984306335449219,-0.000505881567
103,1.1563537120819092,0.0059833526611328125,0.00468881802
104,1.1633353233337402,0.006981611251831055,-0.00605964184
105,1.1693198680877686,0.00598454475402832,0.00421442438
106,1.1753029823303223,0.005983114242553711,0.00116903414
107,1.1812875270843506,0.00598454475402832,-0.0041246471
108,1.1872708797454834,0.0059833526611328125,0.0100280301
109,1.1932587623596191,0.005987882614135742,-0.00691497007
110,1.2002372741699219,0.006978511810302734,-0.00118849603
111,1.2520973682403564,0.05186009407043457,0.00756674008
112,1.2590796947479248,0.006982326507568359,-0.0019236699
113,1.2650632858276367,0.005983591079711914,-0.00338038443
114,1.2710464000701904,0.005983114242553711,0.00787801957
115,1.277031660079956,0.005985260009765625,-0.00637298148
116,1.2830147743225098,0.005983114242553711,-0.000899514479
117,1.2889988422393799,0.005984067916870117,0.0051159412
118,1.2959818840026855,0.006983041763305664,-0.00590674175
119,1.3491017818450928,0.05311989784240723,-0.00125197068
120,1.355085849761963,0.005984067916870117,0.00579602807
121,1.361072301864624,0.005986452102661133,-0.00594201508
122,1.3670570850372314,0.005984783172607422,-0.000253532327
123,1.3730382919311523,0.0059812068939208984,0.00450635763
124,1.3790230751037598,0.005984783172607422,-0.00687220064
125,1.3850066661834717,0.005983591079711914,0.00448677767
126,1.3909900188446045,0.0059833526611328125,0.00107051989
127,1.3979709148406982,0.00698089599609375,-0.00409691323
128,1.4516794681549072,0.053708553314208984,-0.00109499364
129,1.4566657543182373,0.004986286163330078,0.00456594568
130,1.462648868560791,0.005983114242553711,-0.00615431286
131,1.468665599822998,0.006016731262207031,0.00677127697
132,1.4756145477294922,0.006948947906494141,-0.0010282902
133,1.481598138809204,0.005983591079711914,-0.00355806669
134,1.487581729888916,0.005983591079711914,0.00968171104
135,1.4935674667358398,0.005985736846923828,-0.00736322254
136,1.4995508193969727,0.0059833526611328125,-0.00118418536
137,1.5524108409881592,0.05286002159118652,0.00849509925
138,1.5615155696868896,0.009104728698730469,-0.00308639102
139,1.567497730255127,0.005982160568237305,-0.00033682066
140,1.5734806060791016,0.005982875823974609,0.00450134577
141,1.5794978141784668,0.006017208099365234,-0.00680324669
142,1.5854506492614746,0.0059528350830078125,0.00538806076
143,1.5914335250854492,0.005982875823974609,0.000390623391
144,1.597421407699585,0.005987882614135742,-0.00389688967
145,1.6512749195098877,0.053853511810302734,0.0101333827
146,1.6562936305999756,0.005018711090087891,0.00453385777
147,1.6622443199157715,0.0059506893157958984,-0.00669358348
148,1.668229579925537,0.005985260009765625,0.002895384
149,1.6742479801177979,0.006018400192260742,0.00168577312
150,1.6802277565002441,0.005979776382446289,-0.00431534812
151,1.6861810684204102,0.005953311920166016,0.00987194463
152,1.693162202835083,0.0069811344146728516,-0.00714933205
153,1.6991453170776367,0.005983114242553711,-0.00135708949
154,1.7051618099212646,0.00601649284362793,0.00557806062
155,1.760984182357788,0.05582237243652344,-0.00565621895
156,1.7669641971588135,0.005980014801025391,-0.000639435419
157,1.7729480266571045,0.005983829498291016,0.00483080287
158,1.7789647579193115,0.006016731262207031,-0.00582256189
159,1.7849476337432861,0.005982875823974609,0.00115310705
160,1.7908995151519775,0.005951881408691406,0.00420210679
161,1.7968850135803223,0.0059854984283447266,-0.00500386597
162,1.8028674125671387,0.005982398986816406,0.0089415253
163,1.8567249774932861,0.05385756492614746,0.00460327917
164,1.862708568572998,0.005983591079711914,-0.00643008528
165,1.868692398071289,0.005983829498291016,0.00167143874
166,1.87467622756958,0.005983829498291016,0.00213721102
167,1.8806602954864502,0.005984067916870117,-0.00444707554
168,1.886643886566162,0.005983591079711914,0.00972199623
169,1.8946242332458496,0.0079803466796875,-0.0070583139
170,1.9045970439910889,0.009972810745239258,-0.00083013645
171,1.9624416828155518,0.05784463882446289,0.00502127018
172,1.9684293270111084,0.005987644195556641,0.00121067831
173,1.9744091033935547,0.005979776382446289,0.00248784078
174,1.9803931713104248,0.005984067916870117,-0.0045776777
175,1.986377239227295,0.005984067916870117,0.00956862868
176,1.993361473083496,0.006984233856201172,-0.00666491472
177,1.9993436336517334,0.005982160568237305,-0.00105152304
178,2.0053353309631348,0.005991697311401367,0.00526837384
179,2.0601823329925537,0.054847002029418945,-0.00717411422
180,2.06616473197937,0.005982398986816406,-0.00126564725
181,2.071150064468384,0.004985332489013672,0.00582652327
182,2.077134132385254,0.005984067916870117,-0.00597864739
183,2.083118200302124,0.005984067916870117,-0.000277890418
184,2.090100049972534,0.006981849670410156,0.00453160725
185,2.0960841178894043,0.005984067916870117,-0.00686011677
186,2.1020681858062744,0.005984067916870117,0.00417732461
187,2.1080517768859863,0.005983591079711914,0.00118566241
188,2.161909818649292,0.053858041763305664,-0.00591151988
189,2.1678919792175293,0.005982160568237305,-0.000232359655
190,2.1738758087158203,0.005983829498291016,0.00524083033
191,2.179861307144165,0.0059854984283447266,-0.00552561679
192,2.1858432292938232,0.005981922149658203,0.00801771054
193,2.1918282508850098,0.0059850215911865234,-0.00243994142
194,2.197817087173462,0.0059888362884521484,-0.00329686237
195,2.2037949562072754,0.0059778690338134766,0.00813149408
196,2.2576520442962646,0.05385708808898926,-0.00674614289
197,2.262641429901123,0.0049893856048583984,-0.00638047757
198,2.268624782562256,0.0059833526611328125,0.00631276705
199,2.274606704711914,0.005981922149658203,-0.000557081989
200,2.2805898189544678,0.005983114242553711,-0.00365774956
201,2.286574363708496,0.00598454475402832,0.0100059659
202,2.293557643890381,0.006983280181884766,-0.00682006532
203,2.2995407581329346,0.005983114242553711,-0.00126152693
204,2.305523157119751,0.005982398986816406,0.00552550121
205,2.3115077018737793,0.00598454475402832,-0.0059977599
206,2.365373373031616,0.053865671157836914,-0.00317057089
207,2.3703505992889404,0.004977226257324219,0.00683339263
208,2.377331018447876,0.006980419158935547,-0.00585394862
209,2.3833158016204834,0.005984783172607422,-0.000676301458
210,2.3893001079559326,0.005984306335449219,0.00486654365
211,2.3952834606170654,0.0059833526611328125,-0.00583052543
212,2.40126895904541,0.0059854984283447266,0.00105731077
213,2.4072506427764893,0.0059816837310791016,0.00452907964
214,2.4132349491119385,0.005984306335449219,-0.00508237617
215,2.4670917987823486,0.053856849670410156,-0.000295410219
216,2.4730746746063232,0.005982875823974609,0.00451568016
217,2.4790589809417725,0.005984306335449219,-0.00690541381
218,2.485043525695801,0.00598454475402832,0.00446059314
219,2.4910271167755127,0.005983591079711914,0.00106527431
220,2.4970157146453857,0.005988597869873047,-0.00408051869
221,2.5029959678649902,0.005980253219604492,0.0100516871
222,2.5089797973632812,0.005983829498291016,-0.00686330219
223,2.562835693359375,0.05385589599609375,-0.00153959324
224,2.5678250789642334,0.0049893856048583984,0.00402737622
225,2.5748038291931152,0.006978750228881836,0.00124913706
226,2.580786943435669,0.005983114242553711,-0.00416038788
227,2.586771249771118,0.005984306335449219,0.00998432581
228,2.592757225036621,0.00598597526550293,-0.00698434809
229,2.5987396240234375,0.005982398986816406,-0.00185269916
230,2.604722499847412,0.005982875823974609,0.0060422402
231,2.6107077598571777,0.005985260009765625,-0.00593541052
232,2.664562940597534,0.053855180740356445,-0.00035752588
233,2.6695492267608643,0.004986286163330078,0.00966283226
234,2.6755340099334717,0.005984783172607422,-0.00692771174
235,2.6815173625946045,0.0059833526611328125,-0.00278719541
236,2.6875014305114746,0.005984067916870117,0.00642655059
237,2.6944847106933594,0.006983280181884766,-0.00589011348
238,2.699469804763794,0.00498509407043457,-0.000494031425
239,2.7054529190063477,0.005983114242553711,0.00470999069
240,2.7114388942718506,0.00598597526550293,-0.00604666644
241,2.766293525695801,0.054854631423950195,0.00107595583
242,2.7712769508361816,0.004983425140380859,0.00571981175
243,2.7772626876831055,0.005985736846923828,-0.00598183281
244,2.783245325088501,0.005982637405395508,-0.00023783896
245,2.789229393005371,0.005984067916870117,0.0045236437
246,2.7962124347686768,0.006983041763305664,-0.00688583385
247,2.8011982440948486,0.004985809326171875,0.00488837413
248,2.808178663253784,0.006980419158935547,0.000809739653
249,2.8141632080078125,0.00598454475402832,-0.00400589508
250,2.8670217990875244,0.052858591079711914,0.0101063066
251,2.8730058670043945,0.005984067916870117,0.00452387743
252,2.8789892196655273,0.0059833526611328125,-0.0068077911
253,2.8849730491638184,0.005983829498291016,0.00535756556
254,2.8909573554992676,0.005984306335449219,0.000377180539
255,2.8979432582855225,0.006985902786254883,-0.00388255529
256,2.9029603004455566,0.00501704216003418,0.0101750268
257,2.9089107513427734,0.005950450897216797,-0.0065848118
258,2.9149255752563477,0.006014823913574219,-0.00120531466
259,2.968749761581421,0.05382418632507324,0.00580103992
260,2.9747331142425537,0.0059833526611328125,-0.000948888466
261,2.9807207584381104,0.005987644195556641,-0.00354532501
262,2.986701011657715,0.005980253219604492,0.00973361265
263,2.992687225341797,0.005986213684082031,-0.00731225584
264,2.998669385910034,0.005982160568237305,-0.00119622585
265,3.0046541690826416,0.005984783172607422,0.00546497826
266,3.010637044906616,0.005982875823974609,-0.00598796992
267,3.0176186561584473,0.006981611251831055,-0.00104993033
268,3.07047700881958,0.05285835266113281,0.00449862781
269,3.0764641761779785,0.0059871673583984375,-0.00757800456
270,3.082477569580078,0.006013393402099609,-0.00114685187
271,3.0884618759155273,0.005984306335449219,0.00538941975
272,3.094423294067383,0.005961418151855469,-0.00598000638
273,3.101396083831787,0.006972789764404297,-0.00139943483
274,3.106382131576538,0.0049860477447509766,0.00455662315
275,3.1123650074005127,0.005982875823974609,-0.00615726455
276,3.1183488368988037,0.005983829498291016,0.00668775491
277,3.172205924987793,0.05385708808898926,-0.000968468429
278,3.1781909465789795,0.0059850215911865234,-0.00587624655
279,3.1841771602630615,0.005986213684082031,0.000360595641
280,3.190157413482666,0.005980253219604492,0.00522832238
281,3.1991372108459473,0.00897979736328125,-0.00532104883
282,3.2051174640655518,0.005980253219604492,0.00549022788
283,3.2111027240753174,0.005985260009765625,-0.00598707839
284,3.217085361480713,0.005982637405395508,-0.000772331465
285,3.223068952560425,0.005983591079711914,0.00450223731
286,3.2769322395324707,0.0538632869720459,-0.00583141696
287,3.282916307449341,0.005984067916870117,-0.00070520395
288,3.288905620574951,0.0059893131256103516,0.00488111176
289,3.2948875427246094,0.005981922149658203,-0.00585666659
290,3.300870656967163,0.005983114242553711,0.000843653999
291,3.306852340698242,0.0059816837310791016,0.00482489948
292,3.312837600708008,0.005985260009765625,-0.00518384211
293,3.3188202381134033,0.005982637405395508,0.00868191369
294,3.325802803039551,0.006982564926147461,-0.00335921176
295,3.3786604404449463,0.05285763740539551,-0.00689426485
296,3.384645700454712,0.005985260009765625,0.00495526792
297,3.390629291534424,0.005983591079711914,0.00080678796
298,3.396613597869873,0.005984306335449219,-0.00401704405
299,3.4035942554473877,0.0069806575775146484,0.0100956251
300,3.409578800201416,0.00598454475402832,-0.00672656293
301,3.4155611991882324,0.005982398986816406,-0.00131136837
302,3.4215457439422607,0.00598454475402832,0.00588568724
303,3.4763996601104736,0.05485391616821289,-0.00597452707
304,3.4813873767852783,0.0049877166748046875,-0.00139212909
305,3.487370014190674,0.005982637405395508,0.00590934415
306,3.4943525791168213,0.006982564926147461,-0.0059452005
307,3.5013346672058105,0.006982088088989258,-0.000296769203
308,3.506319761276245,0.00498509407043457,0.00531502986
309,3.512303352355957,0.005983591079711914,-0.00545530386
310,3.51928448677063,0.0069811344146728516,0.0081262485
311,3.5252699851989746,0.0059854984283447266,-0.00258056729
312,3.5312538146972656,0.005983829498291016,-0.0032376984
313,3.5851094722747803,0.05385565757751465,0.00538646805
314,3.591092586517334,0.005983114242553711,0.000377414265
315,3.59708309173584,0.005990505218505859,-0.00390803864
316,3.6030616760253906,0.005978584289550781,0.0101543216
317,3.6090452671051025,0.005983591079711914,-0.00658345282
318,3.6150290966033936,0.005983829498291016,-0.00119032247
319,3.6210122108459473,0.005983114242553711,0.00575916203
320,3.6279964447021484,0.006984233856201172,-0.00594745101
321,3.6818501949310303,0.053853750228881836,-0.00303589178
322,3.687833070755005,0.005982875823974609,0.00589978789
323,3.693819761276245,0.005986690521240234,-0.00594791846
324,3.699802875518799,0.005983114242553711,-0.000282434819
325,3.70578670501709,0.005983829498291016,0.00453591793
326,3.7117700576782227,0.0059833526611328125,-0.00681256922
327,3.7177531719207764,0.005983114242553711,0.00362484485
328,3.723737955093384,0.005984783172607422,0.00142091593
329,3.730722188949585,0.006984233856201172,-0.0042291081
330,3.7835772037506104,0.05285501480102539,0.000133729749
331,3.7895612716674805,0.005984067916870117,0.00536824707
332,3.796544075012207,0.0069828033447265625,-0.00544734031
333,3.802527904510498,0.005983829498291016,0.00820728632
334,3.80851149559021,0.005983591079711914,-0.00266750849
335,3.8144946098327637,0.005983114242553711,-0.00327503189
336,3.820478677749634,0.005984067916870117,0.00786504417
337,3.8264641761779785,0.0059854984283447266,-0.00642530715
338,3.8803181648254395,0.05385398864746094,-0.000878575533
339,3.886303424835205,0.005985260009765625,0.0101474833
340,3.892287492752075,0.005984067916870117,-0.00652452258
341,3.899268627166748,0.0069811344146728516,-0.00112797308
342,3.9042551517486572,0.00498652458190918,0.00548362332
343,3.9102392196655273,0.005984067916870117,-0.0059877362
344,3.9172210693359375,0.006981849670410156,-0.000837398818
345,3.923203945159912,0.005982875823974609,0.00451727287
346,3.9291903972625732,0.005986452102661133,-0.00653838951
347,3.9351727962493896,0.005982398986816406,0.00735420857
348,3.9890308380126953,0.053858041763305664,0.00450223731
349,3.9960098266601562,0.0069789886474609375,-0.00683420935
350,4.0019941329956055,0.005984306335449219,0.00525835013
351,4.007977724075317,0.005983591079711914,0.000532140789
352,4.01396107673645,0.0059833526611328125,-0.00394537213
353,4.019946575164795,0.0059854984283447266,0.010140645
354,4.0259315967559814,0.0059850215911865234,-0.00662964139
355,4.031918048858643,0.005986452102661133,-0.00125721626
356,4.038896083831787,0.006978034973144531,0.00535915827
357,4.095743417739868,0.056847333908081055,-0.00693839325
358,4.100730657577515,0.004987239837646484,0.00121545643
359,4.106712579727173,0.005981922149658203,0.00338275304
360,4.112699031829834,0.005986452102661133,-0.00487532397
361,4.118682384490967,0.0059833526611328125,0.00922024943
362,4.1246654987335205,0.005983114242553711,-0.00490259038
363,4.13164758682251,0.006982088088989258,-0.00308798373
364,4.1865034103393555,0.0548558235168457,0.0067767129
365,4.192484617233276,0.0059812068939208984,-0.00683805257
366,4.1984734535217285,0.0059888362884521484,-0.0015231987
367,4.204452037811279,0.005978584289550781,0.00598396776
368,4.21043586730957,0.005983829498291016,-0.00593747068
369,4.216420650482178,0.005984783172607422,-0.00031086986
370,4.2224037647247314,0.005983114242553711,0.00453432522
371,4.2283923625946045,0.005988597869873047,-0.00674431645
372,4.234373569488525,0.0059812068939208984,0.00324966664
373,4.289225816726685,0.05485224723815918,0.00577166997
374,4.294216156005859,0.004990339279174805,-0.0058416744
375,4.301196336746216,0.006980180740356445,0.00055649888
376,4.307177782058716,0.0059814453125,0.00508385329
377,4.313162565231323,0.005984783172607422,-0.00527851313
378,4.3191468715667725,0.005984306335449219,0.00850395433
379,4.328125476837158,0.008978605270385742,-0.00314691397
380,4.334106683731079,0.0059812068939208984,-0.00108632891
381,4.386964797973633,0.05285811424255371,0.00484879012
382,4.394946336746216,0.007981538772583008,-0.0058546498
383,4.400928497314453,0.005982160568237305,0.00361917519
384,4.406911373138428,0.005982875823974609,0.00145005215
385,4.4128944873809814,0.005983114242553711,-0.00420179832
386,4.4188783168792725,0.005983829498291016,0.00994520926
387,4.425860166549683,0.006981849670410156,-0.00706262457
388,4.431843996047974,0.005983829498291016,-0.00202925616
389,4.437828540802002,0.00598454475402832,0.00609615859
390,4.491683483123779,0.053854942321777344,-0.00118235892
391,4.497669219970703,0.005985736846923828,-0.0031426033
392,4.50365138053894,0.005982160568237305,0.00700221982
393,4.509636640548706,0.005985260009765625,-0.00585713404
394,4.5156190395355225,0.005982398986816406,-0.000724316461
395,4.522601366043091,0.006982326507568359,0.00489999055
396,4.52759051322937,0.004989147186279297,-0.00585554133
397,4.53357458114624,0.005984067916870117,0.000792687303
398,4.588425636291504,0.05485105514526367,0.00488996684
399,4.59441065788269,0.0059850215911865234,-0.00598319179
400,4.60039496421814,0.005984306335449219,-0.00116573065
401,4.606376647949219,0.0059816837310791016,0.00448223326
402,4.61236310005188,0.005986452102661133,-0.00641462564
403,4.618345499038696,0.005982398986816406,0.00623767599
404,4.624330282211304,0.005984783172607422,-0.000426012378
405,4.630314588546753,0.005984306335449219,-0.00368051494
406,4.636297225952148,0.005982637405395508,0.0100410055
407,4.690154314041138,0.05385708808898926,-0.00673953832
408,4.695142984390259,0.004988670349121094,-0.00653567154
409,4.702123165130615,0.006980180740356445,0.00633164584
410,4.7071075439453125,0.004984378814697266,-0.000542046428
411,4.7140891551971436,0.006981611251831055,-0.00366070125
412,4.720073223114014,0.005984067916870117,0.0100016553
413,4.726058006286621,0.005984783172607422,-0.00682620243
414,4.733041048049927,0.006983041763305664,-0.00126883267
415,4.738025426864624,0.004984378814697266,0.00516030334
416,4.791882038116455,0.053856611251831055,-0.0059581759
417,4.7968690395355225,0.004987001419067383,-0.00357492868
418,4.802851676940918,0.005982637405395508,0.00972654063
419,4.8088366985321045,0.0059850215911865234,-0.00732204582
420,4.814820289611816,0.005983591079711914,-0.00120395567
421,4.820802450180054,0.005982160568237305,0.00542970493
422,4.827786207199097,0.006983757019042969,-0.00601050158
423,4.833768844604492,0.005982637405395508,-0.00106562369
424,4.839751958847046,0.005983114242553711,0.00450317221
425,4.892612457275391,0.05286049842834473,-0.00643987526
426,4.898629188537598,0.006016731262207031,-0.00117734707
427,4.904611587524414,0.005982398986816406,0.00541560427
428,4.910565137863159,0.005953550338745117,-0.00598820365
429,4.91654896736145,0.005983829498291016,-0.00109930431
430,4.922532796859741,0.005983829498291016,0.0044795153
431,4.928574800491333,0.006042003631591797,-0.00642371445
432,4.934499740600586,0.00592494010925293,0.00616511254
433,4.9404826164245605,0.005982875823974609,-0.000347502173
434,4.994340896606445,0.053858280181884766,-0.00371738098
435,5.000324726104736,0.005983829498291016,-0.000839926431
436,5.006307363510132,0.005982637405395508,0.00492069577
437,5.012291193008423,0.005983829498291016,-0.00572653188
438,5.018274784088135,0.005983591079711914,0.00760383985
439,5.024259090423584,0.005984306335449219,-0.00194189088
440,5.030244588851929,0.0059854984283447266,-0.00339401763
441,5.036228179931641,0.005983591079711914,0.00865301119
442,5.042211294174194,0.005983114242553711,-0.00740805212
443,5.096067428588867,0.05385613441467285,-0.00102650714
444,5.102051258087158,0.005983829498291016,0.00743112607
445,5.108036041259766,0.005984783172607422,-0.00173573021
446,5.11401891708374,0.005982875823974609,-0.00342929096
447,5.120002746582031,0.005983829498291016,0.00891173128
448,5.125987768173218,0.0059850215911865234,-0.00754319868
449,5.131971120834351,0.0059833526611328125,-0.00105494218
450,5.137954235076904,0.005983114242553711,0.00527361942
451,5.143939018249512,0.005984783172607422,-0.0059802401
452,5.197796106338501,0.05385708808898926,-0.00150909804
453,5.202781915664673,0.004985809326171875,0.00799723904
454,5.209763765335083,0.006981849670410156,-0.00626898792
455,5.215747356414795,0.005983591079711914,-0.000896095335
456,5.221730709075928,0.0059833526611328125,0.0050724706
457,5.227717161178589,0.005986452102661133,-0.00593086611
458,5.233699321746826,0.005982160568237305,-0.000530005932
459,5.239682197570801,0.005982875823974609,0.00509612751
460,5.245667219161987,0.0059850215911865234,-0.00563232831
461,5.298527240753174,0.05286002159118652,0.00781702917
462,5.304509162902832,0.005981922149658203,0.00522785493
463,5.310494661331177,0.0059854984283447266,-0.00596159504
464,5.31647801399231,0.0059833526611328125,-0.00144585712
465,5.322462320327759,0.005984306335449219,0.00465494704
466,5.32844614982605,0.005983829498291016,-0.0060152797
467,5.335428237915039,0.006982088088989258,0.0070370257
468,5.340414047241211,0.004985809326171875,-0.00130021941
469,5.347394704818726,0.0069806575775146484,-0.00350484947
470,5.401251316070557,0.053856611251831055,-0.000791443976
471,5.407235145568848,0.005983829498291016,0.00224097085
472,5.413218259811401,0.005983114242553711,-0.00450033612
473,5.419203042984009,0.005984783172607422,0.00966896937
474,5.425187349319458,0.005984306335449219,-0.00696912218
475,5.431172132492065,0.005984783172607422,-0.00278377627
476,5.437154054641724,0.005981922149658203,0.00638649913
477,5.443143367767334,0.0059893131256103516,-0.00587193587
478,5.449122190475464,0.005978822708129883,-0.000491313458
479,5.502979516983032,0.05385732650756836,0.00965098212
480,5.5089638233184814,0.005984306335449219,-0.00740917738
481,5.514946460723877,0.005982637405395508,-0.00116643183
482,5.520930290222168,0.005983829498291016,0.00541260921
483,5.527914762496948,0.0069844722747802734,-0.00599274805
484,5.533900499343872,0.005985736846923828,-0.00129361484
485,5.538882493972778,0.00498199462890625,0.0045061239
486,5.545865535736084,0.006983041763305664,-0.00635499422
487,5.599721670150757,0.05385613441467285,0.00631824636
488,5.605703592300415,0.005981922149658203,0.00450429747
489,5.611687421798706,0.005983829498291016,-0.00657230386
490,5.617677927017212,0.005990505218505859,0.00582675699
491,5.623656749725342,0.005978822708129883,-9.13097085e-05
492,5.630640983581543,0.006984233856201172,-0.0037760775
493,5.635624408721924,0.004983425140380859,0.0101472496
494,5.6416096687316895,0.005985260009765625,-0.00656115489
495,5.64858865737915,0.0069789886474609375,-0.00115870201
496,5.701449394226074,0.05286073684692383,0.00564631339
497,5.706434488296509,0.00498509407043457,0.00128712835
498,5.7134153842926025,0.00698089599609375,-0.00418062565
499,5.7193992137908936,0.005983829498291016,0.0100023131
500,5.725384712219238,0.0059854984283447266,-0.00697731945
501,5.731367588043213,0.005982875823974609,-0.00184834511
502,5.737351417541504,0.005983829498291016,0.00604814358
503,5.743335962295532,0.00598454475402832,-0.00592857223
504,5.749319314956665,0.0059833526611328125,-0.000349328608
505,5.7553040981292725,0.005984783172607422,0.00455503044
506,5.809159994125366,0.05385589599609375,-0.00585258964
507,5.815145254135132,0.005985260009765625,-0.000668337911
508,5.822126388549805,0.0069811344146728516,0.0048235405
509,5.828111171722412,0.005984783172607422,-0.00583094951
510,5.83409571647644,0.00598454475402832,0.00108597953
511,5.840078353881836,0.005982637405395508,0.00442944013
512,5.846062898635864,0.00598454475402832,-0.00509942852
513,5.852046489715576,0.005983591079711914,0.00888760691
514,5.904903888702393,0.052857398986816406,-0.00376015041
515,5.910887002944946,0.005983114242553711,-0.00588238366
516,5.916867733001709,0.005980730056762695,0.000160338354
517,5.922853231430054,0.0059854984283447266,0.00535779929
518,5.928836822509766,0.005983591079711914,-0.00543164695
519,5.935322523117065,0.006485700607299805,0.00825867709
520,5.941484451293945,0.006161928176879883,-0.00275328106
521,5.94712233543396,0.0056378841400146484,-0.00327709205
522,5.953572511672974,0.006450176239013672,0.00781384375
523,6.006378173828125,0.05280566215515137,-0.00632768444
524,6.012364387512207,0.005986213684082031,-0.00526984841
525,6.018344879150391,0.005980491638183594,0.00859998433
526,6.024344205856323,0.005999326705932617,-0.00319197729
527,6.0313122272491455,0.006968021392822266,-0.00323498043
528,6.036297559738159,0.004985332489013672,0.00742611421
529,6.0422821044921875,0.00598454475402832,-0.00597251028
530,6.048267364501953,0.005985260009765625,-0.000828310014
531,6.055109977722168,0.006842613220214844,0.00503218542
532,6.060878753662109,0.005768775939941406,-0.00590243107
533,6.114690780639648,0.05381202697753906,-0.00139283027
534,6.121004819869995,0.00631403923034668,0.00591664989
535,6.126590728759766,0.005585908889770508,-0.0059588337
536,6.132575035095215,0.005984306335449219,-0.000270818403
537,6.138993501663208,0.006418466567993164,0.00453797809
538,6.144989252090454,0.005995750427246094,-0.00679415789
539,6.1510865688323975,0.006097316741943359,0.0035088108
540,6.156886577606201,0.005800008773803711,0.00148940243
541,6.210998773574829,0.05411219596862793,-0.00423431031
542,6.216352224349976,0.005353450775146484,-0.000537268301
543,6.222431659698486,0.006079435348510742,0.0044976929
544,6.228450298309326,0.006018638610839844,-0.0066662737
545,6.2348175048828125,0.006367206573486328,0.00564312797
546,6.2405195236206055,0.005702018737792969,0.000124874671
547,6.246891021728516,0.006371498107910156,-0.00382952843
548,6.252222776412964,0.005331754684448242,0.0101791038
549,6.258612632751465,0.0063898563385009766,-0.00652930071
550,6.266590356826782,0.007977724075317383,-0.00110089702
551,6.318560600280762,0.05197024345397949,0.00961936166
552,6.326553821563721,0.007993221282958984,-0.00678980384
553,6.3315370082855225,0.004983186721801758,-0.000861289457
554,6.337753057479858,0.0062160491943359375,0.00506268062
555,6.344447135925293,0.00669407844543457,-0.00588739551
556,6.350201368331909,0.005754232406616211,-0.000406666142
557,6.356470108032227,0.006268739700317383,0.00515983588
558,6.362443208694458,0.005973100662231445,-0.00560365954
559,6.417181015014648,0.05473780632019043,-0.000684265004
560,6.422598361968994,0.005417346954345703,0.00450589018
561,6.428549289703369,0.005950927734375,-0.00667058438
562,6.434751987457275,0.00620269775390625,0.005689784
563,6.44046688079834,0.005714893341064453,0.000103468273
564,6.446727991104126,0.006261110305786133,-0.0038202059
565,6.453019618988037,0.006291627883911133,0.0101732004
566,6.4588892459869385,0.005869626998901367,-0.00652541411
567,6.464909076690674,0.0060198307037353516,-0.00115551659
568,6.518558979034424,0.05364990234375,0.00837358589
569,6.526634931564331,0.008075952529907227,-0.00346409684
570,6.532618284225464,0.0059833526611328125,-0.000476277897
571,6.538290500640869,0.0056722164154052734,0.00468132192
572,6.54490852355957,0.006618022918701172,-0.00616635336
573,6.550286054611206,0.005377531051635742,0.00113422826
574,6.556451797485352,0.006165742874145508,0.00257543979
575,6.562370777130127,0.005918979644775391,-0.00460386222
576,6.615884304046631,0.053513526916503906,0.00951583555
577,6.622260332107544,0.006376028060913086,0.00457667056
578,6.628246784210205,0.005986452102661133,-0.00660598448
579,6.63426947593689,0.00602269172668457,0.00245917202
580,6.640246391296387,0.00597691535949707,0.00181365731
581,6.646200180053711,0.005953788757324219,-0.0043401303
582,6.652214288711548,0.006014108657836914,0.00982847403
583,6.6601622104644775,0.007947921752929688,-0.00717912607
584,6.665148019790649,0.004985809326171875,-0.00058144008
585,6.7190046310424805,0.053856611251831055,0.010140645
586,6.724988222122192,0.005983591079711914,-0.00661301312
587,6.730971336364746,0.005983114242553711,-0.00120830972
588,6.7379539012908936,0.006982564926147461,0.00554119458
589,6.742949724197388,0.004995822906494141,-0.00597682096
590,6.749922275543213,0.006972551345825195,-0.000491547184
591,6.755994558334351,0.006072282791137695,0.00448335852
592,6.761978387832642,0.005983829498291016,-0.00671382125
593,6.767994403839111,0.0060160160064697266,0.00559717313
594,6.8223888874053955,0.05439448356628418,0.00482536694
595,6.827383041381836,0.00499415397644043,-0.00584846931
596,6.834085702896118,0.0067026615142822266,0.00109464426
597,6.84023380279541,0.006148099899291992,0.00289922723
598,6.846179008483887,0.0059452056884765625,-0.00474106894
599,6.852295637130737,0.006116628646850586,0.00940345437
600,6.858887434005737,0.006591796875,-0.00569898837
601,6.863873243331909,0.004985809326171875,-0.00300516285
602,6.916862964630127,0.05298972129821777,0.00661449028
603,6.922884464263916,0.0060214996337890625,0.00468155565
604,6.928866624832153,0.005982160568237305,-0.00515699978
605,6.9358131885528564,0.006946563720703125,0.0093442904
606,6.9417970180511475,0.005983829498291016,-0.00641710988
607,6.94778037071228,0.0059833526611328125,-0.00295555514
608,6.953796625137329,0.006016254425048828,0.00651916145
609,6.965732574462891,0.011935949325561523,-0.00586167844
610,6.970718860626221,0.004986286163330078,0.00529432464
611,7.025572061538696,0.054853200912475586,-0.00661165413
612,7.03155779838562,0.005985736846923828,-0.00122878121
613,7.037542343139648,0.00598454475402832,0.00566111523
614,7.0435240268707275,0.0059816837310791016,-0.00599115534
615,7.049514293670654,0.005990266799926758,-0.000251939618
616,7.055493593215942,0.005979299545288086,0.00449928561
617,7.061492443084717,0.005998849868774414,-0.00685149542
618,7.067466974258423,0.005974531173706055,0.00514915437
619,7.1204845905303955,0.053017616271972656,0.000626578088
620,7.126471519470215,0.005986928939819336,-0.00591629801
621,7.132454872131348,0.0059833526611328125,-0.000223738303
622,7.1384711265563965,0.006016254425048828,0.00450134577
623,7.144456148147583,0.0059850215911865234,-0.0068908457
624,7.150407075881958,0.005950927734375,0.00470385358
625,7.156390190124512,0.005983114242553711,0.00095809534
626,7.163373708724976,0.006983518600463867,-0.00406299889
627,7.169355869293213,0.005982160568237305,0.0100646625
628,7.175371170043945,0.006015300750732422,-0.00668196707
629,7.228556871414185,0.05318570137023926,-0.00496723366
630,7.235506296157837,0.006949424743652344,0.00905188969
631,7.24149489402771,0.005988597869873047,-0.00428757089
632,7.2475879192352295,0.006093025207519531,-0.00310573726
633,7.253629684448242,0.006041765213012695,0.00691780623
634,7.261081695556641,0.0074520111083984375,-0.00583141696
635,7.267096281051636,0.006014585494995117,0.00112284557
636,7.272473096847534,0.0053768157958984375,0.00433045843
637,7.326565980911255,0.0540928840637207,-0.0059276807
638,7.332546234130859,0.005980253219604492,-0.00027311229
639,7.338529586791992,0.0059833526611328125,0.00452340998
640,7.344933271408081,0.006403684616088867,-0.00685627355
641,7.350660085678101,0.005726814270019531,0.00396526055
642,7.356630802154541,0.00597071647644043,0.00130076156
643,7.36262583732605,0.005995035171508789,-0.0042115883
644,7.369253635406494,0.006627798080444336,0.00998751123
645,7.422472953796387,0.05321931838989258,-0.00698186385
646,7.428550481796265,0.00607752799987793,-0.0062817296
647,7.433533668518066,0.004983186721801758,0.00349447642
648,7.439757347106934,0.0062236785888671875,0.00147300788
649,7.446475982666016,0.006718635559082031,-0.00424002334
650,7.452423334121704,0.0059473514556884766,0.00994225756
651,7.45986270904541,0.007439374923706055,-0.00707311573
652,7.465835332870483,0.005972623825073242,-0.000549776249
653,7.471956729888916,0.006121397018432617,0.00474343759
654,7.478201150894165,0.0062444210052490234,-0.00588762924
655,7.531909227371216,0.05370807647705078,-0.00109246602
656,7.537372827529907,0.005463600158691406,0.00534571542
657,7.543965816497803,0.006592988967895508,-0.00597752213
658,7.550562381744385,0.006596565246582031,-0.00145813135
659,7.555938243865967,0.005375862121582031,0.00461054154
660,7.561861515045166,0.005923271179199219,-0.00610742311
661,7.5678112506866455,0.005949735641479492,0.00682496164
662,7.57377290725708,0.00596165657043457,-0.00111841682
663,7.6276679039001465,0.053894996643066406,-0.00352827266
664,7.632653474807739,0.0049855709075927734,-0.000934320357
665,7.639286279678345,0.006632804870605469,0.00491455866
666,7.645705223083496,0.006418943405151367,-0.0057647569
667,7.651590824127197,0.005885601043701172,0.00752898251
668,7.657230615615845,0.005639791488647461,-0.00187635607
669,7.663210153579712,0.0059795379638671875,-0.00336286463
670,7.669193744659424,0.005983591079711914,0.00879841519
671,7.675342321395874,0.006148576736450195,-0.00749972808
672,7.729041337966919,0.05369901657104492,-0.00103742238
673,7.735376596450806,0.006335258483886719,0.00913766227
674,7.741221904754639,0.005845308303833008,-0.00458746768
675,7.747204065322876,0.005982160568237305,-0.00310255184
676,7.7536303997039795,0.006426334381103516,0.00684158991
677,7.758889675140381,0.005259275436401367,-0.00585282336
678,7.764875173568726,0.0059854984283447266,-0.000676301458
679,7.771707057952881,0.0068318843841552734,0.00487244704
680,7.7772088050842285,0.005501747131347656,-0.00583211814
681,7.8307859897613525,0.05357718467712402,0.00101519915
682,7.836772203445435,0.005986213684082031,0.00608706978
683,7.842756748199463,0.00598454475402832,-0.00591016089
684,7.848771810531616,0.00601506233215332,-0.000365723153
685,7.85472297668457,0.0059511661529541016,0.00456936482
686,7.862703561782837,0.007980585098266602,-0.0065367968
687,7.8676886558532715,0.00498509407043457,0.00774830894
688,7.873707056045532,0.006018400192260742,-0.00210776637
689,7.879687786102295,0.005980730056762695,-0.00336492479
690,7.88663649559021,0.006948709487915039,0.00851397803
691,7.939618825912476,0.052982330322265625,0.00252105395
692,7.945531368255615,0.0059125423431396484,-0.0046081729
693,7.952063322067261,0.006531953811645508,0.00959411203
694,7.9577484130859375,0.005685091018676758,-0.00661235531
695,7.963655948638916,0.005907535552978516,-0.0029225757
696,7.969769716262817,0.006113767623901367,0.00648548083
697,7.976139545440674,0.006369829177856445,-0.00583848898
698,7.982562065124512,0.006422519683837891,-0.000528413223
699,8.034833669662476,0.05227160453796387,0.00471317611
700,8.041054964065552,0.006221294403076172,-0.00325385922
701,8.046655416488647,0.005600452423095703,-0.00322041233
702,8.053280115127563,0.006624698638916016,0.00739496121
703,8.058886051177979,0.005605936050415039,-0.00594632576
704,8.065867185592651,0.0069811344146728516,-0.000820112742
705,8.07085371017456,0.00498652458190918,0.00501944374
706,8.077569961547852,0.006716251373291016,-0.00589489161
707,8.083558797836304,0.0059888362884521484,-0.000124990329
708,8.136022090911865,0.05246329307556152,0.00527999026
709,8.143002986907959,0.00698089599609375,-0.00604235576
710,8.147990465164185,0.004987478256225586,-0.00066787046
711,8.154971361160278,0.00698089599609375,0.00483127032
712,8.162951707839966,0.0079803466796875,-0.00582621476
713,8.168935060501099,0.0059833526611328125,0.0101297298
714,8.175915002822876,0.006979942321777344,-0.00663371834
715,8.181898355484009,0.0059833526611328125,-0.000876558744
716,8.234757900238037,0.05285954475402832,0.00510226462
717,8.240775346755981,0.006017446517944336,-0.00405957974
718,8.246726036071777,0.0059506893157958984,-0.00312826892
719,8.253477573394775,0.006751537322998047,0.00697467631
720,8.26086688041687,0.0073893070220947266,-0.00583642882
721,8.265889167785645,0.005022287368774414,-0.00139147128
722,8.272609233856201,0.006720066070556641,0.0046856326
723,8.278599500656128,0.005990266799926758,-0.00591241141
724,8.284700393676758,0.006100893020629883,0.00715170077
725,8.291549921035767,0.006849527359008789,-0.00142196649
726,8.344602584838867,0.053052663803100586,-0.00583165069
727,8.350236654281616,0.0056340694427490234,0.00101088847
728,8.356629610061646,0.006392955780029297,0.00452111609
729,8.362618207931519,0.005988597869873047,-0.00510308139
730,8.368602514266968,0.005984306335449219,0.00881546754
731,8.374446630477905,0.0058441162109375,-0.00364819331
732,8.380568027496338,0.006121397018432617,-0.00317445748
733,8.386594295501709,0.006026268005371094,0.00714420467
734,8.439570426940918,0.052976131439208984,-0.00582050173
735,8.445548057556152,0.005977630615234375,-0.00470851358
736,8.451533079147339,0.0059850215911865234,0.00943188941
737,8.458513498306274,0.006980419158935547,-0.00597274401
738,8.464498519897461,0.0059850215911865234,-0.00266202919
739,8.469485759735107,0.004987239837646484,0.00633005313
740,8.475469827651978,0.005984067916870117,-0.00588285111
741,8.48244857788086,0.006978750228881836,-0.000473793656
742,8.48843264579773,0.005984067916870117,0.0046392103
743,8.54160213470459,0.05316948890686035,-0.00615656337
744,8.546663761138916,0.005061626434326172,-0.00272667246
745,8.553658723831177,0.006994962692260742,0.00637352373
746,8.559764385223389,0.006105661392211914,-0.00587034316
747,8.56574010848999,0.0059757232666015625,-0.000256250294
748,8.5722017288208,0.006461620330810547,0.00450884187
749,8.57782793045044,0.005626201629638672,-0.00687833775
750,8.58417272567749,0.006344795227050781,0.00425377466
751,8.589657068252563,0.005484342575073242,0.00117062685
752,8.644156694412231,0.05449962615966797,-0.00414628722
753,8.649659872055054,0.005503177642822266,-0.00109747788
754,8.655726909637451,0.006067037582397461,0.00449862781
755,8.661753177642822,0.006026268005371094,-0.00644601237
756,8.667730808258057,0.005977630615234375,0.00615462138
757,8.673811197280884,0.0060803890228271484,-0.000344316755
758,8.679894924163818,0.00608372688293457,-0.00372782877
759,8.685946226119995,0.006051301956176758,0.0100981093
760,8.691227436065674,0.005281209945678711,-0.00664510103
761,8.74541187286377,0.0541844367980957,-0.00118826231
762,8.750652313232422,0.005240440368652344,0.00514025592
763,8.75668716430664,0.00603485107421875,0.000612944882
764,8.7626793384552,0.00599217414855957,-0.00397722631
765,8.768754720687866,0.006075382232666016,0.0101249517
766,8.774562358856201,0.005807638168334961,-0.00665760898
767,8.781004428863525,0.006442070007324219,-0.00127768775
768,8.787198781967163,0.006194353103637695,0.00584586951
769,8.793229579925537,0.0060307979583740234,-0.00595681691
770,8.79920744895935,0.0059778690338134766,-0.000360477573
771,8.853381872177124,0.05417442321777344,0.00662769941
772,8.860754251480103,0.007372379302978516,-0.0058462188
773,8.866739511489868,0.005985260009765625,0.00126529787
774,8.872831583023071,0.006092071533203125,0.00244165222
775,8.878561735153198,0.005730152130126953,-0.00456905635
776,8.885411739349365,0.006850004196166992,0.00959275305
777,8.891564846038818,0.006153106689453125,-0.00667194336
778,8.897543668746948,0.005978822708129883,-0.00287456069
779,8.950751066207886,0.0532073974609375,0.00621059993
780,8.95676875114441,0.0060176849365234375,-0.000448544034
781,8.962724685668945,0.005955934524536133,-0.00367845478
782,8.968733549118042,0.00600886344909668,0.00976134651
783,8.97568392753601,0.00695037841796875,-0.00729155062
784,8.98067021369934,0.004986286163330078,-0.00119533432
785,8.986689805984497,0.00601959228515625,0.00545654726
786,8.993635892868042,0.006946086883544922,-0.0059932155
787,9.000615358352661,0.006979465484619141,-0.00100008889
788,9.052509546279907,0.051894187927246094,0.00686707325
789,9.060985326766968,0.008475780487060547,-0.00585554133
790,9.066965103149414,0.005979776382446289,0.00109782968
791,9.07294774055481,0.005982637405395508,0.00278160047
792,9.078938484191895,0.005990743637084961,-0.00471034002
793,9.085327625274658,0.006389141082763672,0.00948056222
794,9.090687274932861,0.005359649658203125,-0.00602848883
795,9.097578287124634,0.006891012191772461,-0.00302540062
796,9.103771924972534,0.006193637847900391,0.00659537777
797,9.157259464263916,0.053487539291381836,-0.0031471477
798,9.163175821304321,0.0059163570404052734,-0.00323610569
799,9.169131517410278,0.005955696105957031,0.00744775434
800,9.176111936569214,0.006980419158935547,-0.00598820365
801,9.181593656539917,0.005481719970703125,-0.000839225253
802,9.187686681747437,0.006093025207519531,0.00502946745
803,9.193233966827393,0.005547285079956055,-0.00591151988
804,9.199201107025146,0.005967140197753906,-0.000133421327
805,9.253713846206665,0.054512739181518555,0.00527109181
806,9.260603427886963,0.0068895816802978516,-0.00581230445
807,9.266586542129517,0.005983114242553711,0.000338531437
808,9.27256989479065,0.0059833526611328125,0.00527746265
809,9.27858853340149,0.006018638610839844,-0.00535383792
810,9.28457236289978,0.005983829498291016,0.00834946152
811,9.290521621704102,0.005949258804321289,-0.00290594743
812,9.296504735946655,0.005983114242553711,-0.00322542418
813,9.302488803863525,0.005984067916870117,0.00768642701
814,9.356343746185303,0.053854942321777344,0.00171832848
815,9.36233139038086,0.005987644195556641,-0.00432832352
816,9.368312358856201,0.005980968475341797,0.00985100568
817,9.374332427978516,0.006020069122314453,-0.00717298896
818,9.380280494689941,0.005948066711425781,-0.00236508409
819,9.386263847351074,0.0059833526611328125,0.00618488286
820,9.394444704055786,0.008180856704711914,-0.00590514904
821,9.400425910949707,0.0059812068939208984,0.00199841159
822,9.453298807144165,0.05287289619445801,0.00200272226
823,9.458877325057983,0.005578517913818359,-0.00590538277
824,9.46585988998413,0.006982564926147461,-0.000406432416
825,9.471726894378662,0.00586700439453125,0.00459030377
826,9.477786540985107,0.0060596466064453125,-0.00639663839
827,9.483955144882202,0.0061686038970947266,0.00160089208
828,9.489651679992676,0.005696535110473633,0.00215950895
829,9.495553255081177,0.0059015750885009766,-0.00449007869
830,9.501864433288574,0.006311178207397461,0.00971379896
831,9.55388069152832,0.052016258239746094,-0.00703147157
832,9.560866594314575,0.006985902786254883,-0.0059718091
833,9.565889358520508,0.005022764205932617,-0.000433084393
834,9.572608470916748,0.006719112396240234,0.00516644045
835,9.578672647476196,0.006064176559448242,-0.0055706801
836,9.58484935760498,0.00617671012878418,0.00787666059
837,9.591222047805786,0.006372690200805664,-0.00228362219
838,9.596184253692627,0.00496220588684082,-0.0033366801
839,9.60286831855774,0.006684064865112305,0.0083676825
840,9.656017780303955,0.05314946174621582,-0.00704308798
841,9.662015676498413,0.005997896194458008,-0.00524801793
842,9.668086528778076,0.006070852279663086,0.00856723862
843,9.673562049865723,0.005475521087646484,-0.00321268251
844,9.68038272857666,0.0068206787109375,-0.00321038862
845,9.686569452285767,0.006186723709106445,0.00741702541
846,9.69256329536438,0.005993843078613281,-0.00595133761
847,9.698546648025513,0.0059833526611328125,-0.000751158793
848,9.70466136932373,0.0061147212982177734,0.00494275997
849,9.75815725326538,0.05349588394165039,-0.0058553076
850,9.763142585754395,0.004985332489013672,-0.00308526577
851,9.769124031066895,0.0059814453125,0.00681929198
852,9.77510929107666,0.005985260009765625,-0.00584462609
853,9.781125545501709,0.006016254425048828,-0.000674708748
854,9.788074016571045,0.0069484710693359375,0.00484630588
855,9.794059038162231,0.0059850215911865234,-0.00583052543
856,9.801042318344116,0.006983280181884766,0.00106892718
857,9.807023048400879,0.005980730056762695,0.000411094886
858,9.860880136489868,0.05385708808898926,-0.00390827236
859,9.86587119102478,0.004991054534912109,0.00100428391
860,9.872879981994629,0.007008790969848633,0.00456688058
861,9.878831148147583,0.0059511661529541016,-0.00510785952
862,9.88484811782837,0.006016969680786133,0.00882549125
863,9.892796993255615,0.007948875427246094,-0.00359268221
864,9.898781776428223,0.005984783172607422,-0.00152343243
865,9.904760837554932,0.005979061126708984,0.004561635
866,9.965598583221436,0.060837745666503906,-0.00615567184
867,9.970584869384766,0.004986286163330078,0.00498599685
868,9.97657060623169,0.005985736846923828,-0.00589128211
869,9.982554912567139,0.005984306335449219,0.000240674995
870,9.989535808563232,0.00698089599609375,0.00531980799
871,9.995518922805786,0.005983114242553711,-0.00538363194
872,10.001505374908447,0.005986452102661133,0.00825389897
873,10.006490468978882,0.00498509407043457,-0.00278035712
874,10.060352087020874,0.05386161804199219,-0.00323657314
875,10.066330909729004,0.005978822708129883,-0.000797581087
876,10.072312831878662,0.005981922149658203,0.00499236768
877,10.078298568725586,0.005985736846923828,-0.0057047014
878,10.084282636642456,0.005984067916870117,0.00761588035
879,10.090265274047852,0.005982637405395508,-0.00196348763
880,10.09624981880188,0.00598454475402832,-0.00337377986
881,10.102233409881592,0.005983591079711914,0.00870374416
882,10.10921597480774,0.006982564926147461,-0.00740529078
883,10.115200519561768,0.00598454475402832,-0.00062852018
884,10.169055700302124,0.053855180740356445,0.00912538805
885,10.17503809928894,0.005982398986816406,-0.00761440314
886,10.181026220321655,0.005988121032714844,-0.00110089702
887,10.187008619308472,0.005982398986816406,0.00533414237
888,10.198977947235107,0.011969327926635742,-0.00596932486
889,10.204960584640503,0.005982637405395508,0.00462899624
890,10.21094274520874,0.005982160568237305,-0.00633246257
891,10.264798402786255,0.05385565757751465,0.00145164486
892,10.269785404205322,0.004987001419067383,0.00591070313
893,10.275769710540771,0.005984306335449219,-0.00594224881
894,10.281752824783325,0.005983114242553711,-0.000298361912
895,10.287737607955933,0.005984783172607422,0.00454753434
896,10.294727087020874,0.006989479064941406,-0.00677729589
897,10.300706386566162,0.005979299545288086,0.00342439721
898,10.305689334869385,0.004982948303222656,0.00149919241
899,10.312670707702637,0.006981372833251953,-0.00421819286
900,10.365529298782349,0.052858591079711914,0.00993907215
901,10.371546268463135,0.006016969680786133,0.00457119126
902,10.377496719360352,0.005950450897216797,-0.00666468099
903,10.383480548858643,0.005983829498291016,0.00270173128
904,10.389499187469482,0.006018638610839844,0.00173969151
905,10.395451545715332,0.005952358245849609,-0.00430054629
906,10.401465654373169,0.006014108657836914,0.00983962299
907,10.407448768615723,0.005983114242553711,-0.00717003727
908,10.413400411605835,0.005951642990112305,-0.00240513555
909,10.470249652862549,0.05684924125671387,0.00621767195
910,10.47623348236084,0.005983829498291016,-0.00591493902
911,10.482218265533447,0.005984783172607422,-0.000336586934
912,10.488202095031738,0.005983829498291016,0.00455390518
913,10.495187044143677,0.0069849491119384766,-0.00658958993
914,10.503162145614624,0.007975101470947266,0.00606111898
915,10.509145259857178,0.005983114242553711,-0.00585394862
916,10.515129089355469,0.005983829498291016,-0.000544998121
917,10.567988634109497,0.05285954475402832,0.00473275607
918,10.573972702026367,0.005984067916870117,-0.00714090105
919,10.579955101013184,0.005982398986816406,-0.00261378046
920,10.585939168930054,0.005984067916870117,0.0062996013
921,10.592923879623413,0.006984710693359375,-0.00590060464
922,10.59890627861023,0.005982398986816406,-0.00047355993
923,10.603890895843506,0.004984617233276367,0.00466220941
924,10.610872745513916,0.006981849670410156,-0.00618977654
925,10.616856336593628,0.005983591079711914,0.0011276237
926,10.670714378356934,0.053858041763305664,0.00596031085
927,10.675700902938843,0.00498652458190918,-0.00598183281
928,10.682681798934937,0.00698089599609375,-0.00132682801
929,10.68869662284851,0.006014823913574219,0.0045061239
930,10.694653749465942,0.005957126617431641,-0.00630332635
931,10.701632022857666,0.006978273391723633,0.00634485496
932,10.707613706588745,0.0059816837310791016,-0.006070133
933,10.71363115310669,0.006017446517944336,-0.00300698929
934,10.719615697860718,0.00598454475402832,0.00658924066
935,10.773437976837158,0.05382227897644043,0.000516213697
936,10.779422998428345,0.0059850215911865234,-0.00379402138
937,10.785406827926636,0.005983829498291016,0.0101791038
938,10.791394233703613,0.005987405776977539,-0.0065458856
939,10.79737377166748,0.0059795379638671875,-0.00115434796
940,10.803357601165771,0.005983829498291016,0.00555506151
941,10.8093421459198,0.00598454475402832,-0.00597841367
942,10.815326690673828,0.00598454475402832,-0.000467656545
943,10.821311712265015,0.0059850215911865234,0.00448949563
944,10.87552809715271,0.05421638488769531,-0.00583984796
945,10.881976127624512,0.006448030471801758,-0.000590528884
946,10.88793420791626,0.005958080291748047,0.00476779568
947,10.893498182296753,0.005563974380493164,-0.00587966569
948,10.89948320388794,0.0059850215911865234,0.00125869331
949,10.906135320663452,0.006652116775512695,0.0031304038
950,10.912710666656494,0.006575345993041992,-0.00479226937
951,10.917958974838257,0.005248308181762695,0.00930400521
952,10.971758127212524,0.05379915237426758,-0.0052805733
953,10.976777791976929,0.005019664764404297,-0.00600183685
954,10.983135223388672,0.006357431411743164,0.00111647473
955,10.989200830459595,0.0060656070709228516,0.00299253927
956,10.99518370628357,0.005982875823974609,-0.00477245568
957,11.001169443130493,0.005985736846923828,0.00937909628
958,11.007919788360596,0.006750345230102539,-0.00560548598
959,11.013840198516846,0.00592041015625,-0.00304202889
960,11.019239664077759,0.005399465560913086,0.00666044513
961,11.07185435295105,0.052614688873291016,-0.00584485982
962,11.078643798828125,0.006789445877075195,-0.00636544201
963,11.084197282791138,0.005553483963012695,0.00637989457
964,11.090443849563599,0.0062465667724609375,-0.00060622225
965,11.096429824829102,0.00598597526550293,-0.00366140243
966,11.102449178695679,0.0060193538665771484,0.00999046292
967,11.107747316360474,0.005298137664794922,-0.00695638051
968,11.11446475982666,0.0067174434661865234,-0.00126630506
969,11.120508193969727,0.006043434143066406,0.00551959783
970,11.17352843284607,0.05302023887634277,-0.00599958634
971,11.179763317108154,0.006234884262084961,-0.00365343889
972,11.18580150604248,0.006038188934326172,0.00993588673
973,11.191786289215088,0.005984783172607422,-0.00698345656
974,11.197768211364746,0.005981922149658203,-0.00124695882
975,11.203851461410522,0.006083250045776367,0.00550479599
976,11.209933280944824,0.006081819534301758,-0.00598272434
977,11.216137170791626,0.006203889846801758,-0.000668337911
978,11.222069501876831,0.005932331085205078,0.00448790292
979,11.227982521057129,0.0059130191802978516,-0.00662940766
980,11.281620740890503,0.05363821983337402,-0.000331151001
981,11.287575006484985,0.005954265594482422,0.0045486596
982,11.294561624526978,0.0069866180419921875,-0.0066312341
983,11.300542116165161,0.005980491638183594,0.00258841519
984,11.306522846221924,0.005980730056762695,0.0017900004
985,11.312506914138794,0.005984067916870117,-0.00435287197
986,11.318490028381348,0.005983114242553711,0.00982233691
987,11.324473857879639,0.005983829498291016,-0.00717139625
988,11.37833023071289,0.05385637283325195,-0.00244771462
989,11.384314060211182,0.005983829498291016,0.0084270802
990,11.390297651290894,0.005983591079711914,-0.00295077701
991,11.396286964416504,0.0059893131256103516,-0.00325114125
992,11.402267932891846,0.005980968475341797,0.00759564258
993,11.408450603485107,0.006182670593261719,-0.00615407913
994,11.414849758148193,0.0063991546630859375,-0.000858337764
995,11.420953035354614,0.0061032772064208984,0.0050640396
996,11.427552461624146,0.00659942626953125,-0.00591222106
997,11.48053765296936,0.052985191345214844,-0.00117416165
998,11.486210823059082,0.00567317008972168,0.00559806466
999,11.493200302124023,0.006989479064941406,-0.00600708243
